{"cameraMode":{"drawMode":0,"name":"Shaded","section":"Shading Mode"},"sceneLighting":true,"audioPlay":false,"sceneViewState":{"showFog":true,"showMaterialUpdate":false,"showSkybox":true,"showFlares":true,"showImageEffects":true,"showParticleSystems":true},"in2DMode":false,"pivot":{"x":-10.517967224121094,"y":7.566652297973633,"z":-20.39314079284668},"rotation":{"x":0.08570202440023422,"y":0.007781981490552425,"z":-0.0006657983758486807,"w":0.9962913990020752},"size":31.366634368896486,"orthographic":false}