{"cameraMode":{"drawMode":0,"name":"Shaded","section":"Shading Mode"},"sceneLighting":false,"audioPlay":false,"sceneViewState":{"showFog":true,"showMaterialUpdate":false,"showSkybox":true,"showFlares":true,"showImageEffects":true,"showParticleSystems":true},"in2DMode":false,"pivot":{"x":-275.28564453125,"y":198.25120544433595,"z":248.83924865722657},"rotation":{"x":0.00015098911535460502,"y":0.9990167021751404,"z":-0.0033185158390551807,"w":-0.04525192454457283},"size":32.86308288574219,"orthographic":false}