{"cameraMode":{"drawMode":0,"name":"Shaded","section":"Shading Mode"},"sceneLighting":true,"audioPlay":false,"sceneViewState":{"showFog":true,"showMaterialUpdate":false,"showSkybox":true,"showFlares":true,"showImageEffects":true,"showParticleSystems":true},"in2DMode":false,"pivot":{"x":21.094913482666017,"y":58.51002883911133,"z":71.67009735107422},"rotation":{"x":-0.054502055048942569,"y":-0.9450694918632507,"z":0.24213066697120667,"w":-0.21271805465221406},"size":0.1649998426437378,"orthographic":false}