{"cameraMode":{"drawMode":0,"name":"Shaded","section":"Shading Mode"},"sceneLighting":true,"audioPlay":false,"sceneViewState":{"showFog":true,"showMaterialUpdate":false,"showSkybox":true,"showFlares":true,"showImageEffects":true,"showParticleSystems":true},"in2DMode":false,"pivot":{"x":7.770245552062988,"y":12.227790832519532,"z":-4.496523857116699},"rotation":{"x":0.06882227212190628,"y":-0.70604008436203,"z":0.06928064674139023,"w":0.7014085054397583},"size":31.36663055419922,"orthographic":false}