{"cameraMode":{"drawMode":0,"name":"Shaded","section":"Shading Mode"},"sceneLighting":false,"audioPlay":false,"sceneViewState":{"showFog":true,"showMaterialUpdate":false,"showSkybox":false,"showFlares":true,"showImageEffects":true,"showParticleSystems":true},"in2DMode":false,"pivot":{"x":0.0,"y":0.20222511887550355,"z":5.066394805908203e-7},"rotation":{"x":0.09379032254219055,"y":-0.13578689098358155,"z":0.012890431098639965,"w":0.9862347841262817},"size":1.2173837423324586,"orthographic":false}