{"cameraMode":{"drawMode":0,"name":"Shaded","section":"Shading Mode"},"sceneLighting":true,"audioPlay":false,"sceneViewState":{"showFog":true,"showMaterialUpdate":false,"showSkybox":true,"showFlares":true,"showImageEffects":true,"showParticleSystems":true},"in2DMode":false,"pivot":{"x":344.82293701171877,"y":275.6070556640625,"z":-0.08616547286510468},"rotation":{"x":0.03179270401597023,"y":-0.02698759362101555,"z":0.0008587485062889755,"w":0.999129593372345},"size":268.6005554199219,"orthographic":false}